"1","Eastern Visayas State of University","Salazar St, Downtown, Tacloban City, Leyte","11.010000","124.605103","3,546","500","100","1,000","50","2","2","20","4","40","2","School"
"2","Anibong Elementary School","Anibong, Pagsanjan, 4008","11.015000","124.981987","2,546","500","100","1,500","40","2","1","30","6","50","1","School"
"3","Redemptorist Church","Real St, Tacloban City, Leyte","13.156900","123.742889","300","50","100","50","10","0","2","40","2","10","2","Church"
"4","Marasbaras High School","Barangay. 89 & 90, Tacloban City, Leyte","11.195700","125.007004","1,546","500","400","900","70","1","2","50","6","20","1","School"
"5","Holy Infant College","Benigno Aquino St, Tacloban City, Leyte","11.230570","124.997002","1,500","100","100","500","40","1","3","15","2","10","1","School"
"6","Leyte Normal University","Paterno St, Downtown, Tacloban City, 6500 Leyte","11.237800","125.001190","4,789","300","200","2,000","50","2","2","30","6","30","2","School"
