"20","Mercedes Elementary School","La Libertad, Zamboanga Del Norte","10.487700","125.184700","4,789","200","2,000","50","2","2","30","6","30","1","35"
"19","St. Raphael Church","Tacloban City, Leyte","11.230570","124.997002","1,500","100","500","40","1","3","15","2","10","1","30"
"18","Anibong Barangay Hall","Barangay 69, Tacloban City, Leyte","11.249100","124.972000","2,546","400","900","70","1","2","50","6","20","2","40"
"17","Leyte Progressive High School","Tacloban City, Leyte","11.245600","124.995003","3,900","100","50","10","0","2","40","2","10","1","30"
"15","Sagkahan National High School","Calanipawan Rd, Fatima Village, Tacloban City, Leyte","11.216000","125.001999","3,587","100","1,000","50","2","2","20","4","40","2","20"
"16","Kapangian Elementary School","Salazar St, Downtown, Tacloban City, Leyte","11.243600","124.999001","6,546","100","1,500","40","2","1","30","6","50","1","25"
